"FID catalogue Schmidt 2026"|"GEMEINDE"|"KREIS"|"BUNDESLAND"|"LAND"
1|"Behringen"|"Wartburgkreis"|"Thüringen"|"Deutschland"
2|"Nessetal"|"Gotha"|"Thüringen"|"Deutschland"
3|"Nottertal-Heilinger Höhen"|"Unstrut-Hainich-Kreis"|"Thüringen"|"Deutschland"
4|"Halberstadt"|"Landkreis Harz"|"Sachsen-Anhalt"|"Deutschland"
5|"Knidelbrück"|"Sommerda"|"Thüringen"|"Deutschland"
6|"Quedlinburg"|"Landkreis Harz"|"Sachsen-Anhalt"|"Deutschland"
7|"Quedlinburg"|"Landkreis Harz"|"Sachsen-Anhalt"|"Deutschland"
8|"Quedlinburg"|"Landkreis Harz"|"Sachsen-Anhalt"|"Deutschland"
9|"Seeland"|"Salzlandkreis"|"Sachsen-Anhalt"|"Deutschland"
10|"Mellingen"|"Weimarer Land"|"Thüringen"|"Deutschland"
11|"Weimar"|"Weimarer Land"|"Thüringen"|"Deutschland"
12|"Kaiserpfalz"|"Burgenlandkreis"|"Sachsen-Anhalt"|"Deutschland"
13|"Staßfurt"|"Salzlandkreis"|"Sachsen-Anhalt"|"Deutschland"
14|"Lutherstadt Eilsleben"|"Mansfeld-Südharz"|"Sachsen-Anhalt"|"Deutschland"
15|"Niedere Börde"|"Landkreis Börde"|"Sachsen-Anhalt"|"Deutschland"
16|"Barleben"|"Landkreis Börde"|"Sachsen-Anhalt"|"Deutschland"
17|"Magdeburg"|"Magdeburg"|"Sachsen-Anhalt"|"Deutschland"
18|"Bernburg"|"Salzlandkreis"|"Sachsen-Anhalt"|"Deutschland"
19|"Lanitz-Hasseltal"|"Burgenlandkreis"|"Sachsen-Anhalt"|"Deutschland"
20|"Calbe"|"Salzlandkreis"|"Sachsen-Anhalt"|"Deutschland"
21|"Gommern"|"Jerichower Land"|"Sachsen-Anhalt"|"Deutschland"
22|"Teuchern"|"Burgenlandkreis"|"Sachsen-Anhalt"|"Deutschland"
23|"Petersburg"|"Saalekreis"|"Sachsen-Anhalt"|"Deutschland"
24|"Schkopau"|"Saalekreis"|"Sachsen-Anhalt"|"Deutschland"
25|"Teuchern"|"Burgenlandkreis"|"Sachsen-Anhalt"|"Deutschland"
26|"Köthen"|"Anhalt-Bitterfeld"|"Sachsen-Anhalt"|"Deutschland"
27|"Schkopau"|"Saalekreis"|"Sachsen-Anhalt"|"Deutschland"
28|"Kretzschau"|"Burgenlandkreis"|"Sachsen-Anhalt"|"Deutschland"
29|"Zörbig"|"Anhalt-Bitterfeld"|"Sachsen-Anhalt"|"Deutschland"
30|"Gera"|"Gera"|"Thüringen"|"Deutschland"
31|"Zwenkau"|"Leipzig-Land"|"Sachsen"|"Deutschland"
32|"Stadt Rathenow"|"Havelland"|"Brandenburg"|"Deutschland"
33|"Friesack"|"Havelland"|"Brandenburg"|"Deutschland"
34|"Friesack"|"Havelland"|"Brandenburg"|"Deutschland"
35|"Prettin"|"Jessen"|"Sachsen-Anhalt"|"Deutschland"
36|"Rohrbeck"|"Teltow-Fläming"|"Brandenburg"|"Deutschland"
37|"Jüterbog"|"Teltow-Fläming"|"Brandenburg"|"Deutschland"
38|"Bochow"|"Teltow-Fläming"|"Brandenburg"|"Deutschland"
39|"Bochow"|"Teltow-Fläming"|"Brandenburg"|"Deutschland"
40|"Bochow"|"Teltow-Fläming"|"Brandenburg"|"Deutschland"
41|"Bochow"|"Teltow-Fläming"|"Brandenburg"|"Deutschland"
43|"Bochow"|"Teltow-Fläming"|"Brandenburg"|"Deutschland"
44|"Bochow"|"Teltow-Fläming"|"Brandenburg"|"Deutschland"
45|"Bochow"|"Teltow-Fläming"|"Brandenburg"|"Deutschland"
46|"Bochow"|"Teltow-Fläming"|"Brandenburg"|"Deutschland"
47|"Schiaß"|"Teltow-Fläming"|"Brandenburg"|"Deutschland"
48|"Groß Kienitz"|"Teltow-Fläming"|"Brandenburg"|"Deutschland"
49|"Selchow"|"Dahme-Spreewald"|"Brandenburg"|"Deutschland"
50|"Gallun"|"Dahme-Spreewald"|"Brandenburg"|"Deutschland"
53|"Zöllmersdorf"|"Dahme-Spreewald"|"Brandenburg"|"Deutschland"
54|"Kaden"|"Dahme-Spreewald"|"Brandenburg"|"Deutschland"
55|"Neuendorf am See"|"Dahme-Spreewald"|"Brandenburg"|"Deutschland"
56|"Neuendorf am See"|"Dahme-Spreewald"|"Brandenburg"|"Deutschland"
57|"Neuendorf am See"|"Dahme-Spreewald"|"Brandenburg"|"Deutschland"
58|"Hohenbrück"|"Dahme-Spreewald"|"Brandenburg"|"Deutschland"
59|"Hohenbrück"|"Dahme-Spreewald"|"Brandenburg"|"Deutschland"
60|"Steinkirchen"|"Dahme-Spreewald"|"Brandenburg"|"Deutschland"
61|"Lübben"|"Dahme-Spreewald"|"Brandenburg"|"Deutschland"
64|"Meichow"|"Uckermark"|"Brandenburg"|"Deutschland"
65|"Meichow"|"Uckermark"|"Brandenburg"|"Deutschland"
66|"Kerkow"|"Uckermark"|"Brandenburg"|"Deutschland"
67|"Angermünde"|"Uckermark"|"Brandenburg"|"Deutschland"
68|"Herzsprung"|"Uckermark"|"Brandenburg"|"Deutschland"
69|"Gramzow"|"Uckermark"|"Brandenburg"|"Deutschland"
70|"Grünow bei Schönermark"|"Uckermark"|"Brandenburg"|"Deutschland"
72|"Flemsdorf"|"Uckermark"|"Brandenburg"|"Deutschland"
73|"Flemsdorf"|"Uckermark"|"Brandenburg"|"Deutschland"
74|"Berkholz zu Berkholz-Meyenburg"|"Uckermark"|"Brandenburg"|"Deutschland"
75|"Berkholz zu Berkholz-Meyenburg"|"Uckermark"|"Brandenburg"|"Deutschland"
76|"Rietz-Neuendorf"|"Oder-Spree"|"Brandenburg"|"Deutschland"
77|"Sabrodt"|"Oder-Spree"|"Brandenburg"|"Deutschland"
78|"Moryń"|"pow. Gryfiński"|"Woj. Lubuskie"|"Polen"
79|"Gusow-Platkow"|"Märkisch-Oderland"|"Brandenburg"|"Deutschland"
80|"Seelow"|"Märkisch-Oderland"|"Brandenburg"|"Deutschland"
81|"Gartz"|"Uckermark"|"Brandenburg"|"Deutschland"
82|"Neuendorf"|"Spree-Neiße"|"Brandenburg"|"Deutschland"
83|"Niederjesar"|"Märkisch-Oderland"|"Brandenburg"|"Deutschland"
84|"Booßen"|"Frankfurt (Oder)"|"Brandenburg"|"Deutschland"
85|"Szczecin"|"pow. Szczecińska"|"Woj. Zachodniopomorskie"|"Polen"
86|"Grötsch"|"Spree-Neiße"|"Brandenburg"|"Deutschland"
87|"Merzdorf"|"Hoyerswerda"|"Sachsen"|"Deutschland"
88|"Boxberg/O.L."|"Görlitz"|"Sachsen"|"Deutschland"
89|"Boxberg/O.L."|"Görlitz"|"Sachsen"|"Deutschland"
90|"Heinersbrück"|"Spree-Neiße"|"Brandenburg"|"Deutschland"
91|"Heinersbrück"|"Spree-Neiße"|"Brandenburg"|"Deutschland"
92|"Heinersbrück"|"Spree-Neiße"|"Brandenburg"|"Deutschland"
93|"Gmina Gubin"|"pow. Krośnieński"|"Woj. Lubuskie"|"Polen"
94|"Gmina Gubin"|"pow. Krośnieński"|"Woj. Lubuskie"|"Polen"
96|"Gmina Kozielice"|"pow. Pyrzycki"|"Woj. Zachodniopomorskie"|"Polen"
97|"Gmina Brody"|"pow. Żarski"|"Woj. Lubuskie"|"Polen"
98|"Gmina Brody"|"pow. Żarski"|"Woj. Lubuskie"|"Polen"
99|"Gmina Brody"|"pow. Żarski"|"Woj. Lubuskie"|"Polen"
100|"Gmina Gubin"|"pow. Krosno Odrzańskie"|"Woj. Lubuskie"|"Polen"
101|"Gmina Gubin"|"pow. Krośnieński"|"Woj. Lubuskie"|"Polen"
103|"Gmina Pyrzyce"|"pow. Pyrzycki"|"Woj. Zachodniopomorskie"|"Polen"
107|"Gmina Pyrzyce"|"pow. Pyrzycki"|"Woj. Zachodniopomorskie"|"Polen"
111|"Gmina Dolice"|"pow. Stargardzki"|"Woj. Zachodniopomorskie"|"Polen"
114|"Gmina Nowogródek Pomorski"|"pow. Myśliborski"|"Woj. Zachodniopomorskie"|"Polen"
116|"Gmina Kłodawa"|"pow. Gorzów Wielkopolski"|"Woj. Wielkopolskie"|"Polen"
119|"Gmina Lubniewice"|"pow. Sulęciński"|"Woj. Lubuskie"|"Polen"
120|"Sulechów"|"pow. Zielonogórski"|"Woj. Lubuskie"|"Polen"
121|"Gmina Sulechów"|"pow. Zielonogórski"|"Woj. Wielkopolskie"|"Polen"
122|"Gmina Zwierzyn"|"pow. Strzelecko-Drezdenecki"|"Woj. Lubuskie"|"Polen"
123|"Gmina Drezdenko"|"pow. Strzelecko-Drezdenecki"|"Woj. Wielkopolskie"|"Polen"
125|"Gmina Zwierzyn"|"pow. Strzelecko-Drezdenecki"|"Woj. Lubuskie"|"Polen"
126|"Gmina Bytom Odrzański"|"pow. Nowosolski"|"Woj. Lubuskie"|"Polen"
128|"Gmina Żukowice"|"pow. Głogówski"|"Woj. Dolnośląskie"|"Polen"
129|"Gmina Żukowice"|"pow. Głogówski"|"Woj. Dolnośląskie"|"Polen"
131|"Gmina Głogów"|"pow. Głogówski"|"Woj. Dolnośląskie"|"Polen"
134|"Gmina Głogów"|"pow. Głogówski"|"Woj. Dolnośląskie"|"Polen"
136|"Gmina Głogów"|"pow. Głogówski"|"Woj. Dolnośląskie"|"Polen"
138|"Gmina Głogów"|"pow. Głogówski"|"Woj. Dolnośląskie"|"Polen"
139|"Gmina Głogów"|"pow. Głogówski"|"Woj. Dolnośląskie"|"Polen"
140|"Gmina Jawor"|"pow. Jaworski"|"Woj. Dolnośląskie"|"Polen"
141|"Gmina Pęcław"|"pow. Głogówski"|"Woj. Dolnośląskie"|"Polen"
142|"Gmina Głogów"|"pow. Głogówski"|"Woj. Dolnośląskie"|"Polen"
144|"Gmina Szlichtyngowa"|"pow. Wschowski"|"Woj. Lubuskie"|"Polen"
145|"Gmina Wądroże Wielkie"|"pow. Jaworski"|"Woj. Dolnośląskie"|"Polen"
146|"Gmina Ścinawa"|"pow. Lubiński"|"Woj. Dolnośląskie"|"Polen"
147|"Gmina Rudna"|"pow. Lubiński"|"Woj. Dolnośląskie"|"Polen"
148|"Gmina Góra"|"pow. Gorẃski"|"Woj. Dolnośląskie"|"Polen"
149|"Gmina Góra"|"pow. Gorẃski"|"Woj. Dolnośląskie"|"Polen"
150|"Gmina Góra"|"pow. Gorẃski"|"Woj. Dolnośląskie"|"Polen"
151|"Gmina Brzeg Dolny"|"pow. Wołowski"|"Woj. Dolnośląskie"|"Polen"
152|"Gmina Kościan"|"pow. Kościan"|"Woj. Wielkopolskie"|"Polen"
153|"Gmina Kościan"|"pow. Kościan"|"Woj. Wielkopolskie"|"Polen"
154|"Gmina Ząbkowice Śląskie"|"pow. Ząbkowicki"|"Woj. Dolnośląskie"|"Polen"
155|"Gmina Sobótka"|"pow. Wrocławski"|"Woj. Dolnośląskie"|"Polen"
156|"Gmina Kąty Wrocławskie"|"pow. Wrocławski"|"Woj. Dolnośląskie"|"Polen"
157|"Gmina Jordanów Śląski"|"pow. Wrocławski"|"Woj. Dolnośląskie"|"Polen"
158|"Gmina Kobierzyce"|"pow. Wrocławski"|"Woj. Dolnośląskie"|"Polen"
159|"Gmina Jordanów Śląski"|"pow. Wrocławski"|"Woj. Dolnośląskie"|"Polen"
160|"Gmina Jordanów Śląski"|"pow. Wrocławski"|"Woj. Dolnośląskie"|"Polen"
161|"Gmina Wrocław"|"pow. Wrocławski"|"Woj. Dolnośląskie"|"Polen"
162|"Gmina Wrocław"|"pow. Wrocławski"|"Woj. Dolnośląskie"|"Polen"
163|"Gmina Wrocław"|"pow. Wrocławski"|"Woj. Dolnośląskie"|"Polen"
164|"Gmina Wrocław"|"pow. Wrocławski"|"Woj. Dolnośląskie"|"Polen"
165|"Gmina Paczków"|"pow. Nyski"|"Woj. Opolskie"|"Polen"
166|"Gmina Oława"|"pow. Oławski"|"Woj. Dolnośląskie"|"Polen"
167|"Gmina Oława"|"pow. Oławski"|"Woj. Dolnośląskie"|"Polen"
168|"Gmina Wiązów"|"pow. Strzeliński"|"Woj. Dolnośląskie"|"Polen"
169|"Gmina Kcynia"|"pow. Nakielski"|"Woj. Wielkopolskie"|"Polen"
170|"Gmina Branice"|"pow. Głubczycki"|"Woj. Opolskie"|"Polen"
171|"Gmina Głogówek"|"pow. Prudnicki"|"Woj. Opolskie"|"Polen"
172|"Gmina Słubca"|"pow. Słupecki"|"Woj. Małopolskie"|"Polen"
173|"Gmina Raciborz"|"pow. Raciborski"|"Woj. Śląskie"|"Polen"
174|"Gmina Bukowiec"|"pow. Świecki"|"Woj. Kujawsko-Pomorskie"|"Polen"
175|"Gmina Chełmża"|"pow. Toruński"|"Woj. Kujawsko-Pomorskie"|"Polen"
176|"Skórcz"|"pow. Starogardzki"|"Woj. Pomorskie"|"Polen"
177|"Pelplin"|"pow. Tczewski"|"Woj. Pomorskie"|"Polen"
178|"Pelplin"|"pow. Tczewski"|"Woj. Pomorskie"|"Polen"
179|"Gmina Chełmża"|"pow. Toruński"|"Woj. Kujawsko-Pomorskie"|"Polen"
180|"Gmina Osięciny"|"pow. Radziejowski"|"Woj. Kujawsko-Pomorskie"|"Polen"
181|"Gmina Zakrzewo"|"pow. Aleksandrowski"|"Woj. Kujawsko-Pomorskie"|"Polen"
182|"Gmina Osięciny"|"pow. Radziejowski"|"Woj. Kujawsko-Pomorskie"|"Polen"
183|"Gmina Osięciny"|"pow. Radziejowski"|"Woj. Kujawsko-Pomorskie"|"Polen"
184|"Gmina Osięciny"|"pow. Radziejowski"|"Woj. Kujawsko-Pomorskie"|"Polen"
185|"Gmina Osięciny"|"pow. Radziejowski"|"Woj. Kujawsko-Pomorskie"|"Polen"
186|"Gmina Brześć Kujawski"|"pow. Włocławski"|"Woj. Kujawsko-Pomorskie"|"Polen"
187|"Gmina Brześć Kujawski"|"pow. Włocławski"|"Woj. Kujawsko-Pomorskie"|"Polen"
188|"Gmina Osięciny"|"pow. Radziejowski"|"Woj. Kujawsko-Pomorskie"|"Polen"
189|"Gmina Osięciny"|"pow. Radziejowski"|"Woj. Kujawsko-Pomorskie"|"Polen"
190|"Gmina Osięciny"|"pow. Radziejowski"|"Woj. Kujawsko-Pomorskie"|"Polen"
191|"Gmina Osięciny"|"pow. Radziejowski"|"Woj. Kujawsko-Pomorskie"|"Polen"
192|"Gmina Osięciny"|"pow. Radziejowski"|"Woj. Kujawsko-Pomorskie"|"Polen"
193|"Gmina Osięciny"|"pow. Radziejowski"|"Woj. Kujawsko-Pomorskie"|"Polen"
194|"Gmina Osięciny"|"pow. Radziejowski"|"Woj. Kujawsko-Pomorskie"|"Polen"
195|"Gmina Osięciny"|"pow. Radziejowski"|"Woj. Kujawsko-Pomorskie"|"Polen"
196|"Gmina Osięciny"|"pow. Radziejowski"|"Woj. Kujawsko-Pomorskie"|"Polen"
197|"Gmina Osięciny"|"pow. Radziejowski"|"Woj. Kujawsko-Pomorskie"|"Polen"
198|"Gmina Osięciny"|"pow. Radziejowski"|"Woj. Kujawsko-Pomorskie"|"Polen"
199|"Gmina Osięciny"|"pow. Radziejowski"|"Woj. Kujawsko-Pomorskie"|"Polen"
200|"Gmina Brześć Kujawski"|"pow. Włocławski"|"Woj. Kujawsko-Pomorskie"|"Polen"
201|"Gmina Brześć Kujawski"|"pow. Włocławski"|"Woj. Kujawsko-Pomorskie"|"Polen"
202|"Gmina Brześć Kujawski"|"pow. Włocławski"|"Woj. Kujawsko-Pomorskie"|"Polen"
203|"Gmina Brześć Kujawski"|"pow. Włocławski"|"Woj. Kujawsko-Pomorskie"|"Polen"
204|"Gmina Brześć Kujawski"|"pow. Włocławski"|"Woj. Kujawsko-Pomorskie"|"Polen"
205|"Gmina Brześć Kujawski"|"pow. Włocławski"|"Woj. Kujawsko-Pomorskie"|"Polen"
206|"Gmina Brześć Kujawski"|"pow. Włocławski"|"Woj. Kujawsko-Pomorskie"|"Polen"
207|"Gmina Brześć Kujawski"|"pow. Włocławski"|"Woj. Kujawsko-Pomorskie"|"Polen"
208|"Gmina Brześć Kujawski"|"pow. Włocławski"|"Woj. Kujawsko-Pomorskie"|"Polen"
209|"Gmina Brześć Kujawski"|"pow. Włocławski"|"Woj. Kujawsko-Pomorskie"|"Polen"
210|"Gmina Brześć Kujawski"|"pow. Włocławski"|"Woj. Kujawsko-Pomorskie"|"Polen"
211|"Gmina Brześć Kujawski"|"pow. Włocławski"|"Woj. Kujawsko-Pomorskie"|"Polen"
212|"Gmina Brześć Kujawski"|"pow. Włocławski"|"Woj. Kujawsko-Pomorskie"|"Polen"
213|"Gmina Brześć Kujawski"|"pow. Włocławski"|"Woj. Kujawsko-Pomorskie"|"Polen"
214|"Gmina Brześć Kujawski"|"pow. Włocławski"|"Woj. Kujawsko-Pomorskie"|"Polen"
215|"Gmina Brześć Kujawski"|"pow. Włocławski"|"Woj. Kujawsko-Pomorskie"|"Polen"
216|"Gmina Brześć Kujawski"|"pow. Włocławski"|"Woj. Kujawsko-Pomorskie"|"Polen"
217|"Gmina Brześć Kujawski"|"pow. Włocławski"|"Woj. Kujawsko-Pomorskie"|"Polen"
218|"Gmina Brześć Kujawski"|"pow. Włocławski"|"Woj. Kujawsko-Pomorskie"|"Polen"
219|"Gmina Brześć Kujawski"|"pow. Włocławski"|"Woj. Kujawsko-Pomorskie"|"Polen"
220|"Gmina Brześć Kujawski"|"pow. Włocławski"|"Woj. Kujawsko-Pomorskie"|"Polen"
221|"Gmina Brześć Kujawski"|"pow. Włocławski"|"Woj. Kujawsko-Pomorskie"|"Polen"
222|"Gmina Brześć Kujawski"|"pow. Włocławski"|"Woj. Kujawsko-Pomorskie"|"Polen"
223|"Gmina Włocławek"|"pow. Włocławski"|"Woj. Kujawsko-Pomorskie"|"Polen"
224|"Gmina Włocławek"|"pow. Włocławski"|"Woj. Kujawsko-Pomorskie"|"Polen"
225|"Gmina Włocławek"|"pow. Włocławski"|"Woj. Kujawsko-Pomorskie"|"Polen"
226|"Gmina Włocławek"|"pow. Włocławski"|"Woj. Kujawsko-Pomorskie"|"Polen"
227|"Włocławek"|"pow. Włocławski"|"Woj. Kujawsko-Pomorskie"|"Polen"
228|"Korsze"|"pow. Kętrzyński"|"Woj. Warmińsko-Mazurskie"|"Polen"
230|"Groß Kreutz (Havel)"|"Potsdam-Mittelmark"|"Brandenburg"|"Deutschland"
231|"Moryń"|"pow. Gryfiński"|"Woj. Lubuskie"|"Polen"
232|"Frankfurt (Oder)"|"Frankfurt (Oder)"|"Brandenburg"|"Deutschland"
233|"Frankfurt (Oder)"|"Frankfurt (Oder)"|"Brandenburg"|"Deutschland"
234|"Frankfurt (Oder)"|"Frankfurt (Oder)"|"Brandenburg"|"Deutschland"
235|"Gmina Dobra"|"pow. Policki"|"Woj. Zachodniopomorskie"|"Polen"
236|"Gmina Dobra"|"pow. Policki"|"Woj. Zachodniopomorskie"|"Polen"
237|"Gmina Dobra"|"pow. Policki"|"Woj. Zachodniopomorskie"|"Polen"
238|"Gmina Przelewice"|"pow. Pyrzycki"|"Woj. Zachodniopomorskie"|"Polen"
239|"Gmina Pyrzyce"|"pow. Pyrzycki"|"Woj. Zachodniopomorskie"|"Polen"
240|"Friesack"|"Havelland"|"Brandenburg"|"Deutschland"
241|"Sabrodt"|"Oder-Spree"|"Brandenburg"|"Deutschland"
242|"Korsze"|"pow. Kętrzyński"|"Woj. Warmińsko-Mazurskie"|"Polen"
243|"Gmina Gubin"|"pow. Krosno Odrzańskie"|"Woj. Lubuskie"|"Polen"
244|"Lietzow"|"Kreis Rügen"|"MVP"|"Deutschland"
245|"Drebkau"|"Spree-Neiße"|"Brandenburg"|"Deutschland"
246|"Gmina Międzyrzecz"|"pow. Międzyrzecki"|"Woj. Lubuskie"|"Polen"
247|"Gmina Poznań"|"pow. Poznanski"|"Woj. Wielkopolskie"|"Polen"
248|"Gmina Poznań"|"pow. Poznanski"|"Woj. Wielkopolskie"|"Polen"
249|"Gmina Dąbrowa"|"pow. Mogileński"|"Woj. Kujawsko-Pomorskie"|"Polen"
250|"Altfriesack"|"Ostprignitz-Ruppin"|"Brandenburg"|"Deutschland"
251|"Altranft"|"Märkisch-Oderland"|"Brandenburg"|"Deutschland"
252|"Bad Freienwalde"|"Märkisch-Oderland"|"Brandenburg"|"Deutschland"
253|"Beeskow"|"Oder-Spree"|"Brandenburg"|"Deutschland"
254|"Blankenburg"|"Uckermark"|"Brandenburg"|"Deutschland"
255|"Bornim"|"Potsdam"|"Brandenburg"|"Deutschland"
256|"Brüssow"|"Uckermark"|"Brandenburg"|"Deutschland"
257|"Dyrotz"|"Havelland"|"Brandenburg"|"Deutschland"
258|"Flemsdorf"|"Uckermark"|"Brandenburg"|"Deutschland"
259|"Frankfurt"|"Frankfurt (Oder)"|"Brandenburg"|"Deutschland"
260|"Friesack"|"Havelland"|"Brandenburg"|"Deutschland"
261|"Kirchmöser"|"Brandenburg (Havel)"|"Brandenburg"|"Deutschland"
262|"Kossenblatt"|"Oder-Spree"|"Brandenburg"|"Deutschland"
263|"Nauen"|"Havelland"|"Brandenburg"|"Deutschland"
264|"Niederlandin"|"Uckermark"|"Brandenburg"|"Deutschland"
265|"Potsdam"|"Potsdam"|"Brandenburg"|"Deutschland"
266|"Potsdam"|"Potsdam"|"Brandenburg"|"Deutschland"
267|"Prenzlau"|"Uckermark"|"Brandenburg"|"Deutschland"
268|"Ribbeck"|"Havelland"|"Brandenburg"|"Deutschland"
269|"Ribbeck"|"Havelland"|"Brandenburg"|"Deutschland"
270|"Treuenbrietzen"|"Potsdam-Mittelmark"|"Brandenburg"|"Deutschland"
271|"Wachow"|"Havelland"|"Brandenburg"|"Deutschland"
272|"Wachow"|"Havelland"|"Brandenburg"|"Deutschland"
273|"Wachow"|"Havelland"|"Brandenburg"|"Deutschland"
274|"Wernsdorf"|"Dahme-Spreewald"|"Brandenburg"|"Deutschland"
275|"Wustermark"|"Havelland"|"Brandenburg"|"Deutschland"
276|"Zeestow"|"Havelland"|"Brandenburg"|"Deutschland"
277|"Zeestow"|"Havelland"|"Brandenburg"|"Deutschland"
278|"Zeestow"|"Havelland"|"Brandenburg"|"Deutschland"
279|"Biesenbrow"|"Uckermark"|"Brandenburg"|"Deutschland"
280|"Blankenburg"|"Uckermark"|"Brandenburg"|"Deutschland"
281|"Bredow"|"Havelland"|"Brandenburg"|"Deutschland"
282|"Brüssow"|"Uckermark"|"Brandenburg"|"Deutschland"
283|"Döberitz bei Premnitz"|"Havelland"|"Brandenburg"|"Deutschland"
284|"Dyrotz"|"Havelland"|"Brandenburg"|"Deutschland"
285|"Elsterwerda"|"Elbe-Elster"|"Brandenburg"|"Deutschland"
286|"Flatow"|"Oberhavel"|"Brandenburg"|"Deutschland"
287|"Flemsdorf"|"Uckermark"|"Brandenburg"|"Deutschland"
288|"Gohlitz"|"Havelland"|"Brandenburg"|"Deutschland"
289|"Grube"|"Potsdam"|"Brandenburg"|"Deutschland"
290|"Hohenfinow"|"Barnim"|"Brandenburg"|"Deutschland"
291|"Hoppenrade"|"Havelland"|"Brandenburg"|"Deutschland"
292|"Jüterbog"|"Teltow-Fläming"|"Brandenburg"|"Deutschland"
293|"Ketzin"|"Havelland"|"Brandenburg"|"Deutschland"
294|"Mötzow"|"Potsdam-Mittelmark"|"Brandenburg"|"Deutschland"
295|"Nauen"|"Havelland"|"Brandenburg"|"Deutschland"
296|"Neuendorf"|"Brandenburg (Havel)"|"Brandenburg"|"Deutschland"
297|"Niebede"|"Havelland"|"Brandenburg"|"Deutschland"
298|"Niederlandin"|"Uckermark"|"Brandenburg"|"Deutschland"
299|"Potsdam"|"Potsdam"|"Brandenburg"|"Deutschland"
300|"Potsdam"|"Potsdam"|"Brandenburg"|"Deutschland"
301|"Rohrbeck"|"Teltow-Fläming"|"Brandenburg"|"Deutschland"
302|"Satzkorn"|"Potsdam-Mittelmark"|"Brandenburg"|"Deutschland"
303|"Schönfeld bei Prenzlau"|"Uckermark"|"Brandenburg"|"Deutschland"
304|"Wustermark"|"Havelland"|"Brandenburg"|"Deutschland"
305|"Eichhorst"|"Barnim"|"Brandenburg"|"Deutschland"
306|"Brandenburg-Altstadt"|"Brandenburg (Havel)"|"Brandenburg"|"Deutschland"
307|"Brandenburg-Neustadt"|"Brandenburg (Havel)"|"Brandenburg"|"Deutschland"
308|"Brandenburg-Altstadt"|"Brandenburg (Havel)"|"Brandenburg"|"Deutschland"
309|"Brandenburg-Neustadt"|"Brandenburg (Havel)"|"Brandenburg"|"Deutschland"
310|"Gräbendorf"|"Dahme-Spreewald"|"Brandenburg"|"Deutschland"
311|"Gräbendorf"|"Dahme-Spreewald"|"Brandenburg"|"Deutschland"
312|"Mittenwalde"|"Dahme-Spreewald"|"Brandenburg"|"Deutschland"
313|"Schulzendorf"|"Dahme-Spreewald"|"Brandenburg"|"Deutschland"
314|"Zaue"|"Dahme-Spreewald"|"Brandenburg"|"Deutschland"
315|"Zaue"|"Dahme-Spreewald"|"Brandenburg"|"Deutschland"
316|"Reichwalde"|"Dahme-Spreewald"|"Brandenburg"|"Deutschland"
317|"Mittenwalde"|"Dahme-Spreewald"|"Brandenburg"|"Deutschland"
318|"Waltersdorf bei Kö.Wusterhausen"|"Dahme-Spreewald"|"Brandenburg"|"Deutschland"
319|"Deutsch Wusterhausen"|"Dahme-Spreewald"|"Brandenburg"|"Deutschland"
321|"Mittenwalde"|"Dahme-Spreewald"|"Brandenburg"|"Deutschland"
322|"Hohenbrück"|"Dahme-Spreewald"|"Brandenburg"|"Deutschland"
323|"Krausnick"|"Dahme-Spreewald"|"Brandenburg"|"Deutschland"
324|"Groß Köris"|"Dahme-Spreewald"|"Brandenburg"|"Deutschland"
325|"Töpchin"|"Dahme-Spreewald"|"Brandenburg"|"Deutschland"
326|"Teurow"|"Dahme-Spreewald"|"Brandenburg"|"Deutschland"
327|"Schmielsdorf"|"Elbe-Elster"|"Brandenburg"|"Deutschland"
328|"Elsterwerda"|"Elbe-Elster"|"Brandenburg"|"Deutschland"
329|"Buchhain"|"Elbe-Elster"|"Brandenburg"|"Deutschland"
332|"Hertefeld"|"Havelland"|"Brandenburg"|"Deutschland"
333|"Vietznitz"|"Havelland"|"Brandenburg"|"Deutschland"
334|"Schönwalde"|"Havelland"|"Brandenburg"|"Deutschland"
336|"Wagenitz"|"Havelland"|"Brandenburg"|"Deutschland"
337|"Friedrichsbruch"|"Havelland"|"Brandenburg"|"Deutschland"
338|"Rathenow"|"Havelland"|"Brandenburg"|"Deutschland"
339|"Rathenow-Neue Schleuse"|"Havelland"|"Brandenburg"|"Deutschland"
340|"Strodehne"|"Havelland"|"Brandenburg"|"Deutschland"
341|"Schönwalde"|"Havelland"|"Brandenburg"|"Deutschland"
342|"Buckow"|"Havelland"|"Brandenburg"|"Deutschland"
343|"Wansdorf"|"Havelland"|"Brandenburg"|"Deutschland"
344|"Strodehne"|"Havelland"|"Brandenburg"|"Deutschland"
345|"Rübehorst"|"Havelland"|"Brandenburg"|"Deutschland"
346|"Vietznitz"|"Havelland"|"Brandenburg"|"Deutschland"
347|"Wustermark"|"Havelland"|"Brandenburg"|"Deutschland"
348|"Hoppenrade"|"Havelland"|"Brandenburg"|"Deutschland"
349|"Rhinow"|"Havelland"|"Brandenburg"|"Deutschland"
350|"Münchehofe"|"Märkisch-Oderland"|"Brandenburg"|"Deutschland"
351|"Friedersdorf"|"Märkisch-Oderland"|"Brandenburg"|"Deutschland"
352|"Krewelin"|"Oberhavel"|"Brandenburg"|"Deutschland"
353|"Badingen"|"Oberhavel"|"Brandenburg"|"Deutschland"
354|"Zehdenick"|"Oberhavel"|"Brandenburg"|"Deutschland"
355|"Sommerfeld"|"Oberhavel"|"Brandenburg"|"Deutschland"
356|"Teschendorf"|"Oberhavel"|"Brandenburg"|"Deutschland"
357|"Zehdenick"|"Oberhavel"|"Brandenburg"|"Deutschland"
358|"Birkenwerder"|"Oberhavel"|"Brandenburg"|"Deutschland"
359|"Birkenwerder"|"Oberhavel"|"Brandenburg"|"Deutschland"
360|"Burgwall"|"Oberhavel"|"Brandenburg"|"Deutschland"
361|"Badingen"|"Oberhavel"|"Brandenburg"|"Deutschland"
362|"Germendorf"|"Oberhavel"|"Brandenburg"|"Deutschland"
363|"Kappe"|"Oberhavel"|"Brandenburg"|"Deutschland"
364|"Krewelin"|"Oberhavel"|"Brandenburg"|"Deutschland"
365|"Oranienburg"|"Oberhavel"|"Brandenburg"|"Deutschland"
366|"Leipe"|"Oberspreewald-Lausitz"|"Brandenburg"|"Deutschland"
367|"Lübbenau"|"Oberspreewald-Lausitz"|"Brandenburg"|"Deutschland"
368|"Rieplos"|"Oder-Spree"|"Brandenburg"|"Deutschland"
369|"Fürstenwalde"|"Oder-Spree"|"Brandenburg"|"Deutschland"
370|"Fürstenwalde-Süd"|"Oder-Spree"|"Brandenburg"|"Deutschland"
371|"Tempelberg"|"Oder-Spree"|"Brandenburg"|"Deutschland"
372|"Schwerin"|"Oder-Spree"|"Brandenburg"|"Deutschland"
373|"Wusterhausen (Dosse)"|"Ostprignitz-Ruppin"|"Brandenburg"|"Deutschland"
374|"Kötzlin"|"Ostprignitz-Ruppin"|"Brandenburg"|"Deutschland"
375|"Dreetz"|"Ostprignitz-Ruppin"|"Brandenburg"|"Deutschland"
376|"Kyritz"|"Ostprignitz-Ruppin"|"Brandenburg"|"Deutschland"
377|"Lohm"|"Ostprignitz-Ruppin"|"Brandenburg"|"Deutschland"
378|"Roddahn"|"Ostprignitz-Ruppin"|"Brandenburg"|"Deutschland"
379|"Wusterhausen (Dosse)"|"Ostprignitz-Ruppin"|"Brandenburg"|"Deutschland"
380|"Wusterhausen (Dosse)"|"Ostprignitz-Ruppin"|"Brandenburg"|"Deutschland"
381|"Alt Ruppin"|"Ostprignitz-Ruppin"|"Brandenburg"|"Deutschland"
382|"Herzberg"|"Ostprignitz-Ruppin"|"Brandenburg"|"Deutschland"
383|"Langen"|"Ostprignitz-Ruppin"|"Brandenburg"|"Deutschland"
384|"Lüchfeld"|"Ostprignitz-Ruppin"|"Brandenburg"|"Deutschland"
385|"Wildberg"|"Ostprignitz-Ruppin"|"Brandenburg"|"Deutschland"
386|"Wildberg"|"Ostprignitz-Ruppin"|"Brandenburg"|"Deutschland"
387|"Zechliner Hütte"|"Ostprignitz-Ruppin"|"Brandenburg"|"Deutschland"
388|"Altfriesack"|"Ostprignitz-Ruppin"|"Brandenburg"|"Deutschland"
389|"Wulkow bei Alt Ruppin"|"Ostprignitz-Ruppin"|"Brandenburg"|"Deutschland"
390|"Alt Ruppin"|"Ostprignitz-Ruppin"|"Brandenburg"|"Deutschland"
391|"Alt Ruppin"|"Ostprignitz-Ruppin"|"Brandenburg"|"Deutschland"
392|"Alt Ruppin"|"Ostprignitz-Ruppin"|"Brandenburg"|"Deutschland"
393|"Königshorst"|"Ostprignitz-Ruppin"|"Brandenburg"|"Deutschland"
394|"Wusterhausen (Dosse)"|"Ostprignitz-Ruppin"|"Brandenburg"|"Deutschland"
395|"Zechliner Hütte"|"Ostprignitz-Ruppin"|"Brandenburg"|"Deutschland"
396|"Lohm"|"Ostprignitz-Ruppin"|"Brandenburg"|"Deutschland"
397|"Königshorst"|"Ostprignitz-Ruppin"|"Brandenburg"|"Deutschland"
398|"Königshorst"|"Ostprignitz-Ruppin"|"Brandenburg"|"Deutschland"
399|"Potsdam"|"Potsdam"|"Brandenburg"|"Deutschland"
400|"Potsdam"|"Potsdam"|"Brandenburg"|"Deutschland"
401|"Bornim"|"Potsdam"|"Brandenburg"|"Deutschland"
402|"Potsdam"|"Potsdam"|"Brandenburg"|"Deutschland"
403|"Potsdam"|"Potsdam"|"Brandenburg"|"Deutschland"
404|"Emstal"|"Potsdam-Mittelmark"|"Brandenburg"|"Deutschland"
405|"Hohenferchesar"|"Potsdam-Mittelmark"|"Brandenburg"|"Deutschland"
406|"Alt Töplitz"|"Potsdam-Mittelmark"|"Brandenburg"|"Deutschland"
407|"Alt Töplitz"|"Potsdam-Mittelmark"|"Brandenburg"|"Deutschland"
408|"Alt Töplitz"|"Potsdam-Mittelmark"|"Brandenburg"|"Deutschland"
409|"Bergholz-Rehbrücke"|"Potsdam-Mittelmark"|"Brandenburg"|"Deutschland"
410|"Bergholz-Rehbrücke"|"Potsdam-Mittelmark"|"Brandenburg"|"Deutschland"
411|"Geltow"|"Potsdam-Mittelmark"|"Brandenburg"|"Deutschland"
412|"Geltow"|"Potsdam-Mittelmark"|"Brandenburg"|"Deutschland"
413|"Krampnitz"|"Potsdam-Mittelmark"|"Brandenburg"|"Deutschland"
414|"Plötzin"|"Potsdam-Mittelmark"|"Brandenburg"|"Deutschland"
415|"Satzkorn"|"Potsdam-Mittelmark"|"Brandenburg"|"Deutschland"
416|"Gollwitz"|"Potsdam-Mittelmark"|"Brandenburg"|"Deutschland"
417|"Philippsthal"|"Potsdam-Mittelmark"|"Brandenburg"|"Deutschland"
418|"Marquardt"|"Potsdam-Mittelmark"|"Brandenburg"|"Deutschland"
419|"Ferch"|"Potsdam-Mittelmark"|"Brandenburg"|"Deutschland"
421|"Treuenbrietzen"|"Potsdam-Mittelmark"|"Brandenburg"|"Deutschland"
422|"Treuenbrietzen"|"Potsdam-Mittelmark"|"Brandenburg"|"Deutschland"
423|"Wildenbruch"|"Potsdam-Mittelmark"|"Brandenburg"|"Deutschland"
424|"Alt Töplitz"|"Potsdam-Mittelmark"|"Brandenburg"|"Deutschland"
425|"Alt Töplitz"|"Potsdam-Mittelmark"|"Brandenburg"|"Deutschland"
426|"Kleinmachnow"|"Potsdam-Mittelmark"|"Brandenburg"|"Deutschland"
427|"Beelitz"|"Potsdam-Mittelmark"|"Brandenburg"|"Deutschland"
428|"Neuhausen"|"Prignitz"|"Brandenburg"|"Deutschland"
429|"Pirow"|"Prignitz"|"Brandenburg"|"Deutschland"
430|"Putlitz"|"Prignitz"|"Brandenburg"|"Deutschland"
431|"Kleinow"|"Prignitz"|"Brandenburg"|"Deutschland"
432|"Sadenbeck"|"Prignitz"|"Brandenburg"|"Deutschland"
433|"Babekuhl"|"Prignitz"|"Brandenburg"|"Deutschland"
434|"Lenzen"|"Prignitz"|"Brandenburg"|"Deutschland"
435|"Semlin"|"Prignitz"|"Brandenburg"|"Deutschland"
436|"Perleberg"|"Prignitz"|"Brandenburg"|"Deutschland"
437|"Premslin"|"Prignitz"|"Brandenburg"|"Deutschland"
438|"Groß Linde"|"Prignitz"|"Brandenburg"|"Deutschland"
439|"Tacken"|"Prignitz"|"Brandenburg"|"Deutschland"
440|"Hinzdorf"|"Prignitz"|"Brandenburg"|"Deutschland"
441|"Kleeste"|"Prignitz"|"Brandenburg"|"Deutschland"
442|"Wustrow"|"Prignitz"|"Brandenburg"|"Deutschland"
443|"Raakow"|"Spree-Neiße"|"Brandenburg"|"Deutschland"
444|"Blankensee"|"Teltow-Fläming"|"Brandenburg"|"Deutschland"
445|"Ahrensdorf bei Ludwigsfelde"|"Teltow-Fläming"|"Brandenburg"|"Deutschland"
446|"Blankenfelde"|"Teltow-Fläming"|"Brandenburg"|"Deutschland"
447|"Gröben"|"Teltow-Fläming"|"Brandenburg"|"Deutschland"
448|"Gröben"|"Teltow-Fläming"|"Brandenburg"|"Deutschland"
449|"Kummersdorf"|"Teltow-Fläming"|"Brandenburg"|"Deutschland"
450|"Mellensee"|"Teltow-Fläming"|"Brandenburg"|"Deutschland"
453|"Sperenberg"|"Teltow-Fläming"|"Brandenburg"|"Deutschland"
454|"Zesch"|"Teltow-Fläming"|"Brandenburg"|"Deutschland"
455|"Zossen"|"Teltow-Fläming"|"Brandenburg"|"Deutschland"
456|"Trebbin"|"Teltow-Fläming"|"Brandenburg"|"Deutschland"
459|"Blankensee"|"Teltow-Fläming"|"Brandenburg"|"Deutschland"
460|"Blankensee"|"Teltow-Fläming"|"Brandenburg"|"Deutschland"
461|"Blankensee"|"Teltow-Fläming"|"Brandenburg"|"Deutschland"
462|"Klein Kienitz"|"Teltow-Fläming"|"Brandenburg"|"Deutschland"
463|"Kliestow"|"Teltow-Fläming"|"Brandenburg"|"Deutschland"
464|"Angermünde"|"Uckermark"|"Brandenburg"|"Deutschland"
465|"Dobberzin"|"Uckermark"|"Brandenburg"|"Deutschland"
466|"Felchow"|"Uckermark"|"Brandenburg"|"Deutschland"
467|"Felchow"|"Uckermark"|"Brandenburg"|"Deutschland"
468|"Angermünde"|"Uckermark"|"Brandenburg"|"Deutschland"
469|"Gellmersdorf"|"Uckermark"|"Brandenburg"|"Deutschland"
470|"Berkholz zu Berkholz-Meyenburg"|"Uckermark"|"Brandenburg"|"Deutschland"
471|"Flemsdorf"|"Uckermark"|"Brandenburg"|"Deutschland"
472|"Görlsdorf"|"Uckermark"|"Brandenburg"|"Deutschland"
473|"Günterberg"|"Uckermark"|"Brandenburg"|"Deutschland"
474|"Hohenlandin"|"Uckermark"|"Brandenburg"|"Deutschland"
475|"Niederlandin"|"Uckermark"|"Brandenburg"|"Deutschland"
476|"Schmargendorf"|"Uckermark"|"Brandenburg"|"Deutschland"
477|"Schönermark"|"Uckermark"|"Brandenburg"|"Deutschland"
478|"Staffelde"|"Uckermark"|"Brandenburg"|"Deutschland"
479|"Wartin"|"Uckermark"|"Brandenburg"|"Deutschland"
480|"Fürstenwerder"|"Uckermark"|"Brandenburg"|"Deutschland"
481|"Gollmitz"|"Uckermark"|"Brandenburg"|"Deutschland"
482|"Schenkenberg"|"Uckermark"|"Brandenburg"|"Deutschland"
483|"Fürstenwerder"|"Uckermark"|"Brandenburg"|"Deutschland"
484|"Wollschow"|"Uckermark"|"Brandenburg"|"Deutschland"
485|"Schwedt"|"Uckermark"|"Brandenburg"|"Deutschland"
486|"Knehden"|"Uckermark"|"Brandenburg"|"Deutschland"
487|"Kreuzkrug"|"Uckermark"|"Brandenburg"|"Deutschland"
488|"Petersdorf"|"Uckermark"|"Brandenburg"|"Deutschland"
489|"Templin"|"Uckermark"|"Brandenburg"|"Deutschland"
490|"Schwedt"|"Uckermark"|"Brandenburg"|"Deutschland"
491|"Lychen"|"Uckermark"|"Brandenburg"|"Deutschland"
492|"Dobberzin"|"Uckermark"|"Brandenburg"|"Deutschland"
493|"Berkholz zu Berkholz-Meyenburg"|"Uckermark"|"Brandenburg"|"Deutschland"
494|"Zichow"|"Uckermark"|"Brandenburg"|"Deutschland"
495|"Herzfelde"|"Uckermark"|"Brandenburg"|"Deutschland"
496|"Carmzow"|"Uckermark"|"Brandenburg"|"Deutschland"
497|"Bandelow"|"Uckermark"|"Brandenburg"|"Deutschland"
498|"Grünberg"|"Uckermark"|"Brandenburg"|"Deutschland"
499|"Prenzlau"|"Uckermark"|"Brandenburg"|"Deutschland"
500|"Groß Dölln"|"Uckermark"|"Brandenburg"|"Deutschland"
501|"Crussow"|"Uckermark"|"Brandenburg"|"Deutschland"
502|"Zollchow"|"Uckermark"|"Brandenburg"|"Deutschland"
503|"Grünow bei Prenzlau"|"Uckermark"|"Brandenburg"|"Deutschland"
504|"Kienberg"|"Havelland"|"Brandenburg"|"Deutschland"
505|"Woltersdorf"|"Potsdam-Mittelmark"|"Brandenburg"|"Deutschland"
506|"Speichrow"|"Dahme-Spreewald"|"Brandenburg"|"Deutschland"
507|"Leibsch"|"Dahme-Spreewald"|"Brandenburg"|"Deutschland"
508|"Friesack"|"Havelland"|"Brandenburg"|"Deutschland"
510|"Friesack"|"Havelland"|"Brandenburg"|"Deutschland"
511|"Gmina Inowrocław"|"pow. Inowrocławski"|"Woj. Kujawsko-Pomorskie"|"Polen"
512|"Gmina Dąbrowa Biskupia"|"pow. Inowrocławski"|"Woj. Kujawsko-Pomorskie"|"Polen"
525|"Gmina Inwowrocław"|"pow. Inowrocławski"|"Woj. Kujawsko-Pomorskie"|"Polen"
513|"Gmina Pakość"|"pow. Inowrocławski"|"Woj. Kujawsko-Pomorskie"|"Polen"
514|"Gmina Kruszwica"|"pow. Inowrocławski"|"Woj. Kujawsko-Pomorskie"|"Polen"
515|"Gmina Gąsawa"|"pow. Żniński"|"Woj. Kujawsko-Pomorskie"|"Polen"
516|"Gmina Mogilno"|"pow. Mogileński"|"Woj. Kujawsko-Pomorskie"|"Polen"
517|"Gmina Pakość"|"pow. Inowrocławski"|"Woj. Kujawsko-Pomorskie"|"Polen"
541|"Gmina Pakość"|"pow. Inowrocławski"|"Woj. Kujawsko-Pomorskie"|"Polen"
518|"Gmina Zlotniki Kuj."|"pow. Inowrocławski"|"Woj. Kujawsko-Pomorskie"|"Polen"
519|"Gmina Gąsawa"|"pow. Żniński"|"Woj. Kujawsko-Pomorskie"|"Polen"
520|"Gmina Gąsawa"|"pow. Żniński"|"Woj. Kujawsko-Pomorskie"|"Polen"
521|"Gmina Złotniki Kuj."|"pow. Inowrocławski"|"Woj. Kujawsko-Pomorskie"|"Polen"
522|"Gmina Żnin"|"pow. Żniński"|"Woj. Kujawsko-Pomorskie"|"Polen"
523|"Gmina Gąsawa"|"pow. Żniński"|"Woj. Kujawsko-Pomorskie"|"Polen"
540|"Gmina Mogilno"|"pow. Mogileński"|"Woj. Kujawsko-Pomorskie"|"Polen"
524|"Gmina Strzelno"|"pow. Mogileński"|"Woj. Kujawsko-Pomorskie"|"Polen"
529|"Gmina Pakość"|"pow. Inowrocławski"|"Woj. Kujawsko-Pomorskie"|"Polen"
530|"Gmin Strzelno"|"pow. Mogileński"|"Woj. Kujawsko-Pomorskie"|"Polen"
531|"Gmina Inowrocław"|"pow. Inowrocławski"|"Woj. Kujawsko-Pomorskie"|"Polen"
532|"Gmina Inowrocław"|"pow. Inowrocławski"|"Woj. Kujawsko-Pomorskie"|"Polen"
533|"Gmina Inowrocław"|"pow. Inowrocławski"|"Woj. Kujawsko-Pomorskie"|"Polen"
526|"Gmina Inowrocław"|"pow. Inowrocławski"|"Woj. Kujawsko-Pomorskie"|"Polen"
527|"Gmina Dobre"|"pow. Miński"|"Woj. Kujawsko-Pomorskie"|"Polen"
528|"Gmina Dobre"|"pow. Miński"|"Woj. Kujawsko-Pomorskie"|"Polen"
537|"Gmina Kcynia"|"pow. Nakielski"|"Woj. Kujawsko-Pomorskie"|"Polen"
536|"Gmina Lubraniec"|"pow. Włocławski"|"Woj. Kujawsko-Pomorskie"|"Polen"
534|"Gmina Izbica Kuj."|"pow. Włocławski"|"Woj. Kujawsko-Pomorskie"|"Polen"
535|"Gmina Dobre"|"pow. Miński"|"Woj. Kujawsko-Pomorskie"|"Polen"
538|"Gmina Ciechocinek"|"pow. Aleksandrowski"|"Woj. Kujawsko-Pomorskie"|"Polen"
539|"Gmina Dąbrowa Biskupia"|"pow. Inowrocławski"|"Woj. Kujawsko-Pomorskie"|"Polen"
550|"Gmina Kruszwica"|"pow. Inowrocławski"|"Woj. Kujawsko-Pomorskie"|"Polen"
543|"Gmina Pakość"|"pow. Inowrocławski"|"Woj. Kujawsko-Pomorskie"|"Polen"
544|"Gmina Janikowo"|"pow. Inowrocławski"|"Woj. Kujawsko-Pomorskie"|"Polen"
546|"Gmina Pakość"|"pow. Inowrocławski"|"Woj. Kujawsko-Pomorskie"|"Polen"
547|"Gmina Złotniki Kuj."|"pow. Inowrocławski"|"Woj. Kujawsko-Pomorskie"|"Polen"
542|"Gmina Kruszwica"|"pow. Inowrocławski"|"Woj. Kujawsko-Pomorskie"|"Polen"
548|"Gmina Wocławek"|"pow. Włocławski"|"Woj. Kujawsko-Pomorskie"|"Polen"
549|"Gmina Wocławek"|"pow. Włocławski"|"Woj. Kujawsko-Pomorskie"|"Polen"
551|"Boxberg/O.L."|"Görlitz"|"Sachsen"|"Deutschland"
552|"Boxberg/O.L."|"Görlitz"|"Sachsen"|"Deutschland"
562|"Gmina Dobra"|"pow. Policki"|"Woj. Zachodniopomorskie"|"Polen"
561|"Gmina Kołbaskowo"|"pow. Policki"|"Woj. Zachodniopomorskie"|"Polen"
560|"Gmina Kołbaskowo"|"pow. Policki"|"Woj. Zachodniopomorskie"|"Polen"
559|"Gmina Kołbaskowo"|"pow. Policki"|"Woj. Zachodniopomorskie"|"Polen"
558|"Gmina Dobra"|"pow. Policki"|"Woj. Zachodniopomorskie"|"Polen"
557|"Gmina Dobra"|"pow. Policki"|"Woj. Zachodniopomorskie"|"Polen"
556|"Gmina Kołbaskowo"|"pow. Policki"|"Woj. Zachodniopomorskie"|"Polen"
555|"Gmina Kołbaskowo"|"pow. Policki"|"Woj. Zachodniopomorskie"|"Polen"
554|"Gmina Kołbaskowo"|"pow. Policki"|"Woj. Zachodniopomorskie"|"Polen"
553|"Gmina Dobra"|"pow. Policki"|"Woj. Zachodniopomorskie"|"Polen"
563|"Neuendorf am See"|"Dahme-Spreewald"|"Brandenburg"|"Deutschland"
564|"Fürstenwalde"|"Oder-Spree"|"Brandenburg"|"Deutschland"
565|"Rhinow"|"Havelland"|"Brandenburg"|"Deutschland"
571|"Hohenbrück"|"Dahme-Spreewald"|"Brandenburg"|"Deutschland"
574|"Neuendorf am See"|"Dahme-Spreewald"|"Brandenburg"|"Deutschland"
575|"Heinersbrück"|"Spree-Neiße"|"Brandenburg"|"Deutschland"
579|"Potsdam"|"Potsdam"|"Brandenburg"|"Deutschland"
580|"Potsdam"|"Potsdam"|"Brandenburg"|"Deutschland"
581|"Trebus"|"Oder-Spree"|"Brandenburg"|"Deutschland"
582|"Kietz"|"Havelland"|"Brandenburg"|"Deutschland"
584|"Bochow"|"Teltow-Fläming"|"Brandenburg"|"Deutschland"
585|"Klinkow"|"Uckermark"|"Brandenburg"|"Deutschland"
586|"Schwaneberg"|"Uckermark"|"Brandenburg"|"Deutschland"
587|"Bietikow"|"Uckermark"|"Brandenburg"|"Deutschland"
588|"Potzlow"|"Uckermark"|"Brandenburg"|"Deutschland"
589|"Rhinow"|"Havelland"|"Brandenburg"|"Deutschland"
590|"Hoppenrade"|"Havelland"|"Brandenburg"|"Deutschland"
